Method,Job,AnalyzeLaunchVariance,EvaluateOverhead,MaxAbsoluteError,MaxRelativeError,MinInvokeCount,MinIterationTime,OutlierMode,Affinity,EnvironmentVariables,Jit,LargeAddressAware,Platform,PowerPlanMode,Runtime,AllowVeryLargeObjects,Concurrent,CpuGroups,Force,HeapAffinitizeMask,HeapCount,NoAffinitize,RetainVm,Server,Arguments,BuildConfiguration,Clock,EngineFactory,NuGetReferences,Toolchain,IsMutator,InvocationCount,IterationCount,IterationTime,LaunchCount,MaxIterationCount,MaxWarmupIterationCount,MemoryRandomization,MinIterationCount,MinWarmupIterationCount,RunStrategy,UnrollFactor,WarmupCount,Namespace,Categories,Mean,Error,StdDev,StdErr,Median,Min,Q1,Q3,Max,Op/s,CI99.9% Margin,Iterations,Kurtosis,MValue,Skewness,Rank,LogicalGroup,Baseline,Exceptions,Gen0,Completed Work Items,Lock Contentions,Code Size,Allocated
'DefaultIfNull + Default Value: Null Test',Job-QFNFJQ,False,True,Default,Default,Default,Default,Default,111111111111,Empty,RyuJit,Default,X64,8c5e7fda-e8bf-4a96-9a85-a6e23a8c635c,.NET 8.0,False,True,False,True,Default,Default,False,False,True,Default,Default,Default,Default,Default,Default,Default,Default,Default,Default,Default,Default,Default,Default,Default,Default,Default,16,Default,DotNetTips.Spargine.Extensions.BenchmarkTests,Strings,1.7723 ns,0.0099 ns,0.0088 ns,0.0024 ns,1.7718 ns,1.7594 ns,1.7648 ns,1.7780 ns,1.7903 ns,"564,241,027.1",6.9988 ns,14.00,2.071,2.000,0.3018,7,*,No,0.0000,0.0000,0.0000,0.0000,79 B,0 B
'DefaultIfNull + Default Value',Job-QFNFJQ,False,True,Default,Default,Default,Default,Default,111111111111,Empty,RyuJit,Default,X64,8c5e7fda-e8bf-4a96-9a85-a6e23a8c635c,.NET 8.0,False,True,False,True,Default,Default,False,False,True,Default,Default,Default,Default,Default,Default,Default,Default,Default,Default,Default,Default,Default,Default,Default,Default,Default,16,Default,DotNetTips.Spargine.Extensions.BenchmarkTests,Strings,1.7675 ns,0.0092 ns,0.0076 ns,0.0021 ns,1.7680 ns,1.7516 ns,1.7647 ns,1.7688 ns,1.7834 ns,"565,773,411.9",6.4989 ns,13.00,3.103,2.000,0.0506,7,*,No,0.0000,0.0000,0.0000,0.0000,50 B,0 B
'DefaultIfNullOrEmpty + Default Value: Null Test',Job-QFNFJQ,False,True,Default,Default,Default,Default,Default,111111111111,Empty,RyuJit,Default,X64,8c5e7fda-e8bf-4a96-9a85-a6e23a8c635c,.NET 8.0,False,True,False,True,Default,Default,False,False,True,Default,Default,Default,Default,Default,Default,Default,Default,Default,Default,Default,Default,Default,Default,Default,Default,Default,16,Default,DotNetTips.Spargine.Extensions.BenchmarkTests,Strings,1.6573 ns,0.0113 ns,0.0100 ns,0.0027 ns,1.6578 ns,1.6404 ns,1.6516 ns,1.6625 ns,1.6777 ns,"603,408,897.3",6.9987 ns,14.00,2.255,2.000,0.1442,7,*,No,0.0000,0.0000,0.0000,0.0000,83 B,0 B
'DefaultIfNullOrEmpty + Default Value',Job-QFNFJQ,False,True,Default,Default,Default,Default,Default,111111111111,Empty,RyuJit,Default,X64,8c5e7fda-e8bf-4a96-9a85-a6e23a8c635c,.NET 8.0,False,True,False,True,Default,Default,False,False,True,Default,Default,Default,Default,Default,Default,Default,Default,Default,Default,Default,Default,Default,Default,Default,Default,Default,16,Default,DotNetTips.Spargine.Extensions.BenchmarkTests,Strings,1.5279 ns,0.0164 ns,0.0137 ns,0.0038 ns,1.5255 ns,1.5146 ns,1.5181 ns,1.5310 ns,1.5644 ns,"654,488,851.8",6.4981 ns,13.00,4.186,2.000,1.3821,6,*,No,0.0000,0.0000,0.0000,0.0000,50 B,0 B
'HasValue: Length',Job-QFNFJQ,False,True,Default,Default,Default,Default,Default,111111111111,Empty,RyuJit,Default,X64,8c5e7fda-e8bf-4a96-9a85-a6e23a8c635c,.NET 8.0,False,True,False,True,Default,Default,False,False,True,Default,Default,Default,Default,Default,Default,Default,Default,Default,Default,Default,Default,Default,Default,Default,Default,Default,16,Default,DotNetTips.Spargine.Extensions.BenchmarkTests,"Strings,**NEW**",2.6900 ns,0.0209 ns,0.0195 ns,0.0050 ns,2.6905 ns,2.6536 ns,2.6776 ns,2.7016 ns,2.7267 ns,"371,740,974.1",7.4975 ns,15.00,2.121,2.000,0.0265,10,*,No,0.0000,0.0000,0.0000,0.0000,351 B,0 B
'HasValue: Min & Max Count',Job-QFNFJQ,False,True,Default,Default,Default,Default,Default,111111111111,Empty,RyuJit,Default,X64,8c5e7fda-e8bf-4a96-9a85-a6e23a8c635c,.NET 8.0,False,True,False,True,Default,Default,False,False,True,Default,Default,Default,Default,Default,Default,Default,Default,Default,Default,Default,Default,Default,Default,Default,Default,Default,16,Default,DotNetTips.Spargine.Extensions.BenchmarkTests,"Strings,**NEW**",2.0417 ns,0.0056 ns,0.0052 ns,0.0013 ns,2.0411 ns,2.0339 ns,2.0386 ns,2.0444 ns,2.0518 ns,"489,795,891.0",7.4993 ns,15.00,2.021,2.000,0.2155,8,*,No,0.0000,0.0000,0.0000,0.0000,373 B,0 B
'HasValue: RegEx + IgnoreCase',Job-QFNFJQ,False,True,Default,Default,Default,Default,Default,111111111111,Empty,RyuJit,Default,X64,8c5e7fda-e8bf-4a96-9a85-a6e23a8c635c,.NET 8.0,False,True,False,True,Default,Default,False,False,True,Default,Default,Default,Default,Default,Default,Default,Default,Default,Default,Default,Default,Default,Default,Default,Default,Default,16,Default,DotNetTips.Spargine.Extensions.BenchmarkTests,"Strings,**NEW**","5,214.3863 ns",62.7979 ns,58.7412 ns,15.1669 ns,"5,226.0040 ns","5,123.1598 ns","5,170.5284 ns","5,249.0356 ns","5,309.6283 ns","191,777.1",-0.0835 ns,15.00,1.698,2.000,-0.1263,38,*,No,0.0000,0.0610,0.0000,0.0000,"1,119 B",6608 B
'HasValue: String',Job-QFNFJQ,False,True,Default,Default,Default,Default,Default,111111111111,Empty,RyuJit,Default,X64,8c5e7fda-e8bf-4a96-9a85-a6e23a8c635c,.NET 8.0,False,True,False,True,Default,Default,False,False,True,Default,Default,Default,Default,Default,Default,Default,Default,Default,Default,Default,Default,Default,Default,Default,Default,Default,16,Default,DotNetTips.Spargine.Extensions.BenchmarkTests,"Strings,**NEW**",2.1841 ns,0.0226 ns,0.0211 ns,0.0055 ns,2.1787 ns,2.1575 ns,2.1700 ns,2.1986 ns,2.2202 ns,"457,851,765.4",7.4973 ns,15.00,1.788,2.000,0.3612,9,*,No,0.0000,0.0000,0.0000,0.0000,204 B,0 B
'Split: With Count',Job-QFNFJQ,False,True,Default,Default,Default,Default,Default,111111111111,Empty,RyuJit,Default,X64,8c5e7fda-e8bf-4a96-9a85-a6e23a8c635c,.NET 8.0,False,True,False,True,Default,Default,False,False,True,Default,Default,Default,Default,Default,Default,Default,Default,Default,Default,Default,Default,Default,Default,Default,Default,Default,16,Default,DotNetTips.Spargine.Extensions.BenchmarkTests,"Strings,**NEW**",469.5430 ns,4.8665 ns,4.5521 ns,1.1754 ns,469.3008 ns,463.5012 ns,465.5522 ns,473.1062 ns,478.3588 ns,"2,129,730.6",6.9123 ns,15.00,1.770,2.000,0.3316,32,*,No,0.0000,0.0229,0.0000,0.0000,666 B,2104 B
'ToByteArray: ASCII',Job-QFNFJQ,False,True,Default,Default,Default,Default,Default,111111111111,Empty,RyuJit,Default,X64,8c5e7fda-e8bf-4a96-9a85-a6e23a8c635c,.NET 8.0,False,True,False,True,Default,Default,False,False,True,Default,Default,Default,Default,Default,Default,Default,Default,Default,Default,Default,Default,Default,Default,Default,Default,Default,16,Default,DotNetTips.Spargine.Extensions.BenchmarkTests,Strings,185.9953 ns,2.0439 ns,3.6856 ns,0.5756 ns,184.9868 ns,182.6392 ns,184.2596 ns,186.1969 ns,204.2423 ns,"5,376,479.9",20.2122 ns,41.00,16.285,2.000,3.5023,26,*,No,0.0000,0.0107,0.0000,0.0000,407 B,1000 B
'ToByteArray: BigEndianUnicode',Job-QFNFJQ,False,True,Default,Default,Default,Default,Default,111111111111,Empty,RyuJit,Default,X64,8c5e7fda-e8bf-4a96-9a85-a6e23a8c635c,.NET 8.0,False,True,False,True,Default,Default,False,False,True,Default,Default,Default,Default,Default,Default,Default,Default,Default,Default,Default,Default,Default,Default,Default,Default,Default,16,Default,DotNetTips.Spargine.Extensions.BenchmarkTests,Strings,"2,832.6074 ns",15.1037 ns,14.1280 ns,3.6478 ns,"2,828.3134 ns","2,814.0858 ns","2,822.1714 ns","2,840.5998 ns","2,863.0051 ns","353,031.6",5.6761 ns,15.00,2.208,2.000,0.5529,37,*,No,0.0000,0.0191,0.0000,0.0000,407 B,1968 B
'ToByteArray: Default',Job-QFNFJQ,False,True,Default,Default,Default,Default,Default,111111111111,Empty,RyuJit,Default,X64,8c5e7fda-e8bf-4a96-9a85-a6e23a8c635c,.NET 8.0,False,True,False,True,Default,Default,False,False,True,Default,Default,Default,Default,Default,Default,Default,Default,Default,Default,Default,Default,Default,Default,Default,Default,Default,16,Default,DotNetTips.Spargine.Extensions.BenchmarkTests,Strings,288.9658 ns,1.2483 ns,1.1677 ns,0.3015 ns,288.8388 ns,287.5148 ns,287.8652 ns,289.8233 ns,291.1749 ns,"3,460,617.2",7.3493 ns,15.00,1.711,2.000,0.3878,28,*,No,0.0000,0.0105,0.0000,0.0000,438 B,1000 B
'ToByteArray: Latin1',Job-QFNFJQ,False,True,Default,Default,Default,Default,Default,111111111111,Empty,RyuJit,Default,X64,8c5e7fda-e8bf-4a96-9a85-a6e23a8c635c,.NET 8.0,False,True,False,True,Default,Default,False,False,True,Default,Default,Default,Default,Default,Default,Default,Default,Default,Default,Default,Default,Default,Default,Default,Default,Default,16,Default,DotNetTips.Spargine.Extensions.BenchmarkTests,Strings,386.9766 ns,1.9718 ns,1.8444 ns,0.4762 ns,386.9514 ns,383.8263 ns,385.5683 ns,388.2950 ns,389.7780 ns,"2,584,135.7",7.2619 ns,15.00,1.771,2.000,-0.3249,31,*,No,0.0000,0.0124,0.0000,0.0000,407 B,1144 B
'ToByteArray: Unicode',Job-QFNFJQ,False,True,Default,Default,Default,Default,Default,111111111111,Empty,RyuJit,Default,X64,8c5e7fda-e8bf-4a96-9a85-a6e23a8c635c,.NET 8.0,False,True,False,True,Default,Default,False,False,True,Default,Default,Default,Default,Default,Default,Default,Default,Default,Default,Default,Default,Default,Default,Default,Default,Default,16,Default,DotNetTips.Spargine.Extensions.BenchmarkTests,Strings,496.3293 ns,2.2469 ns,2.1018 ns,0.5427 ns,497.0168 ns,491.3995 ns,494.8828 ns,498.0577 ns,499.3445 ns,"2,014,791.6",7.2287 ns,15.00,2.620,2.000,-0.6383,32,*,No,0.0000,0.0210,0.0000,0.0000,407 B,1968 B
'ToByteArray: UTF32',Job-QFNFJQ,False,True,Default,Default,Default,Default,Default,111111111111,Empty,RyuJit,Default,X64,8c5e7fda-e8bf-4a96-9a85-a6e23a8c635c,.NET 8.0,False,True,False,True,Default,Default,False,False,True,Default,Default,Default,Default,Default,Default,Default,Default,Default,Default,Default,Default,Default,Default,Default,Default,Default,16,Default,DotNetTips.Spargine.Extensions.BenchmarkTests,Strings,"5,231.7904 ns",32.6214 ns,30.5141 ns,7.8787 ns,"5,237.4317 ns","5,182.6450 ns","5,204.0817 ns","5,258.4213 ns","5,274.1436 ns","191,139.2",3.5606 ns,15.00,1.484,2.000,-0.1602,38,*,No,0.0000,0.0458,0.0000,0.0000,407 B,4128 B
'ToByteArray: UTF8',Job-QFNFJQ,False,True,Default,Default,Default,Default,Default,111111111111,Empty,RyuJit,Default,X64,8c5e7fda-e8bf-4a96-9a85-a6e23a8c635c,.NET 8.0,False,True,False,True,Default,Default,False,False,True,Default,Default,Default,Default,Default,Default,Default,Default,Default,Default,Default,Default,Default,Default,Default,Default,Default,16,Default,DotNetTips.Spargine.Extensions.BenchmarkTests,Strings,285.2870 ns,1.4455 ns,1.3521 ns,0.3491 ns,285.6086 ns,283.2871 ns,284.2718 ns,286.0930 ns,288.1680 ns,"3,505,242.6",7.3254 ns,15.00,2.230,2.000,0.1831,28,*,No,0.0000,0.0105,0.0000,0.0000,438 B,1000 B
CombineToString,Job-QFNFJQ,False,True,Default,Default,Default,Default,Default,111111111111,Empty,RyuJit,Default,X64,8c5e7fda-e8bf-4a96-9a85-a6e23a8c635c,.NET 8.0,False,True,False,True,Default,Default,False,False,True,Default,Default,Default,Default,Default,Default,Default,Default,Default,Default,Default,Default,Default,Default,Default,Default,Default,16,Default,DotNetTips.Spargine.Extensions.BenchmarkTests,Strings,486.1510 ns,3.7225 ns,3.4820 ns,0.8991 ns,485.6521 ns,481.0730 ns,484.0437 ns,487.9332 ns,492.7714 ns,"2,056,974.2",7.0505 ns,15.00,2.087,2.000,0.3908,32,*,No,0.0000,0.0257,0.0000,0.0000,"2,995 B",2416 B
ComputeHash,Job-QFNFJQ,False,True,Default,Default,Default,Default,Default,111111111111,Empty,RyuJit,Default,X64,8c5e7fda-e8bf-4a96-9a85-a6e23a8c635c,.NET 8.0,False,True,False,True,Default,Default,False,False,True,Default,Default,Default,Default,Default,Default,Default,Default,Default,Default,Default,Default,Default,Default,Default,Default,Default,16,Default,DotNetTips.Spargine.Extensions.BenchmarkTests,Strings,"5,104.3509 ns",12.7269 ns,11.9047 ns,3.0738 ns,"5,104.0146 ns","5,078.8727 ns","5,101.9958 ns","5,111.4975 ns","5,121.1983 ns","195,911.3",5.9631 ns,15.00,2.777,2.000,-0.7846,38,*,No,0.0000,0.0229,0.0000,0.0000,NA,2296 B
ComputeSHA256Hash,Job-QFNFJQ,False,True,Default,Default,Default,Default,Default,111111111111,Empty,RyuJit,Default,X64,8c5e7fda-e8bf-4a96-9a85-a6e23a8c635c,.NET 8.0,False,True,False,True,Default,Default,False,False,True,Default,Default,Default,Default,Default,Default,Default,Default,Default,Default,Default,Default,Default,Default,Default,Default,Default,16,Default,DotNetTips.Spargine.Extensions.BenchmarkTests,Strings,"5,172.5180 ns",22.6106 ns,21.1499 ns,5.4609 ns,"5,167.2394 ns","5,136.4159 ns","5,158.2443 ns","5,184.9106 ns","5,215.2092 ns","193,329.4",4.7696 ns,15.00,2.216,2.000,0.2990,38,*,No,0.0000,0.0229,0.0000,0.0000,723 B,2264 B
Concat,Job-QFNFJQ,False,True,Default,Default,Default,Default,Default,111111111111,Empty,RyuJit,Default,X64,8c5e7fda-e8bf-4a96-9a85-a6e23a8c635c,.NET 8.0,False,True,False,True,Default,Default,False,False,True,Default,Default,Default,Default,Default,Default,Default,Default,Default,Default,Default,Default,Default,Default,Default,Default,Default,16,Default,DotNetTips.Spargine.Extensions.BenchmarkTests,Strings,465.3247 ns,2.7127 ns,2.4047 ns,0.6427 ns,465.8061 ns,460.7162 ns,463.6346 ns,466.8421 ns,469.5403 ns,"2,149,037.2",6.6787 ns,14.00,2.054,2.000,-0.1995,32,*,No,0.0000,0.0257,0.0000,0.0000,NA,2408 B
ContainsAny,Job-QFNFJQ,False,True,Default,Default,Default,Default,Default,111111111111,Empty,RyuJit,Default,X64,8c5e7fda-e8bf-4a96-9a85-a6e23a8c635c,.NET 8.0,False,True,False,True,Default,Default,False,False,True,Default,Default,Default,Default,Default,Default,Default,Default,Default,Default,Default,Default,Default,Default,Default,Default,Default,16,Default,DotNetTips.Spargine.Extensions.BenchmarkTests,Strings,144.9556 ns,1.3718 ns,1.2831 ns,0.3313 ns,144.7905 ns,142.2558 ns,144.4718 ns,146.0625 ns,146.6390 ns,"6,898,664.9",7.3343 ns,15.00,2.176,2.000,-0.3952,25,*,No,0.0000,0.0019,0.0000,0.0000,NA,192 B
DefaultIfNull,Job-QFNFJQ,False,True,Default,Default,Default,Default,Default,111111111111,Empty,RyuJit,Default,X64,8c5e7fda-e8bf-4a96-9a85-a6e23a8c635c,.NET 8.0,False,True,False,True,Default,Default,False,False,True,Default,Default,Default,Default,Default,Default,Default,Default,Default,Default,Default,Default,Default,Default,Default,Default,Default,16,Default,DotNetTips.Spargine.Extensions.BenchmarkTests,Strings,1.7350 ns,0.0635 ns,0.0706 ns,0.0162 ns,1.6814 ns,1.6593 ns,1.6736 ns,1.8070 ns,1.8303 ns,"576,364,903.4",9.4919 ns,19.00,1.057,3.400,0.2277,7,*,No,0.0000,0.0000,0.0000,0.0000,50 B,0 B
DefaultIfNullOrEmpty,Job-QFNFJQ,False,True,Default,Default,Default,Default,Default,111111111111,Empty,RyuJit,Default,X64,8c5e7fda-e8bf-4a96-9a85-a6e23a8c635c,.NET 8.0,False,True,False,True,Default,Default,False,False,True,Default,Default,Default,Default,Default,Default,Default,Default,Default,Default,Default,Default,Default,Default,Default,Default,Default,16,Default,DotNetTips.Spargine.Extensions.BenchmarkTests,Strings,1.5675 ns,0.0117 ns,0.0109 ns,0.0028 ns,1.5688 ns,1.5543 ns,1.5571 ns,1.5730 ns,1.5893 ns,"637,959,640.4",7.4986 ns,15.00,1.853,2.000,0.3650,6,*,No,0.0000,0.0000,0.0000,0.0000,50 B,0 B
DelimitedStringToArray,Job-QFNFJQ,False,True,Default,Default,Default,Default,Default,111111111111,Empty,RyuJit,Default,X64,8c5e7fda-e8bf-4a96-9a85-a6e23a8c635c,.NET 8.0,False,True,False,True,Default,Default,False,False,True,Default,Default,Default,Default,Default,Default,Default,Default,Default,Default,Default,Default,Default,Default,Default,Default,Default,16,Default,DotNetTips.Spargine.Extensions.BenchmarkTests,Strings,"1,467.6207 ns",5.3489 ns,4.7417 ns,1.2673 ns,"1,467.5427 ns","1,456.8111 ns","1,466.2064 ns","1,469.2922 ns","1,475.4293 ns","681,375.0",6.3664 ns,14.00,3.022,2.000,-0.3497,36,*,No,0.0000,0.0343,0.0000,0.0000,723 B,3224 B
EqualsIgnoreCase,Job-QFNFJQ,False,True,Default,Default,Default,Default,Default,111111111111,Empty,RyuJit,Default,X64,8c5e7fda-e8bf-4a96-9a85-a6e23a8c635c,.NET 8.0,False,True,False,True,Default,Default,False,False,True,Default,Default,Default,Default,Default,Default,Default,Default,Default,Default,Default,Default,Default,Default,Default,Default,Default,16,Default,DotNetTips.Spargine.Extensions.BenchmarkTests,Strings,0.0033 ns,0.0050 ns,0.0047 ns,0.0012 ns,0.0013 ns,0.0000 ns,0.0000 ns,0.0058 ns,0.0144 ns,"300,977,100,058.3",7.4994 ns,15.00,3.002,2.200,1.1613,1,*,No,0.0000,0.0000,0.0000,0.0000,39 B,0 B
EqualsOrBothNullOrEmpty,Job-QFNFJQ,False,True,Default,Default,Default,Default,Default,111111111111,Empty,RyuJit,Default,X64,8c5e7fda-e8bf-4a96-9a85-a6e23a8c635c,.NET 8.0,False,True,False,True,Default,Default,False,False,True,Default,Default,Default,Default,Default,Default,Default,Default,Default,Default,Default,Default,Default,Default,Default,Default,Default,16,Default,DotNetTips.Spargine.Extensions.BenchmarkTests,Strings,4.1220 ns,0.0187 ns,0.0166 ns,0.0044 ns,4.1226 ns,4.0886 ns,4.1101 ns,4.1325 ns,4.1492 ns,"242,601,761.4",6.9978 ns,14.00,2.048,2.000,-0.1917,12,*,No,0.0000,0.0000,0.0000,0.0000,444 B,0 B
Extract,Job-QFNFJQ,False,True,Default,Default,Default,Default,Default,111111111111,Empty,RyuJit,Default,X64,8c5e7fda-e8bf-4a96-9a85-a6e23a8c635c,.NET 8.0,False,True,False,True,Default,Default,False,False,True,Default,Default,Default,Default,Default,Default,Default,Default,Default,Default,Default,Default,Default,Default,Default,Default,Default,16,Default,DotNetTips.Spargine.Extensions.BenchmarkTests,"Strings,**NEW**",46.3571 ns,0.2012 ns,0.1882 ns,0.0486 ns,46.3456 ns,45.9734 ns,46.2883 ns,46.4591 ns,46.6951 ns,"21,571,673.6",7.4757 ns,15.00,2.518,2.000,-0.1095,19,*,No,0.0000,0.0006,0.0000,0.0000,552 B,56 B
FromBase64,Job-QFNFJQ,False,True,Default,Default,Default,Default,Default,111111111111,Empty,RyuJit,Default,X64,8c5e7fda-e8bf-4a96-9a85-a6e23a8c635c,.NET 8.0,False,True,False,True,Default,Default,False,False,True,Default,Default,Default,Default,Default,Default,Default,Default,Default,Default,Default,Default,Default,Default,Default,Default,Default,16,Default,DotNetTips.Spargine.Extensions.BenchmarkTests,"Strings,**NEW**",133.0762 ns,0.6724 ns,0.5615 ns,0.1557 ns,133.2063 ns,131.8093 ns,132.9321 ns,133.3422 ns,133.8978 ns,"7,514,492.4",6.4221 ns,13.00,2.727,2.000,-0.7750,24,*,No,0.0000,0.0024,0.0000,0.0000,"1,038 B",240 B
HasValue,Job-QFNFJQ,False,True,Default,Default,Default,Default,Default,111111111111,Empty,RyuJit,Default,X64,8c5e7fda-e8bf-4a96-9a85-a6e23a8c635c,.NET 8.0,False,True,False,True,Default,Default,False,False,True,Default,Default,Default,Default,Default,Default,Default,Default,Default,Default,Default,Default,Default,Default,Default,Default,Default,16,Default,DotNetTips.Spargine.Extensions.BenchmarkTests,Strings,1.8215 ns,0.0141 ns,0.0132 ns,0.0034 ns,1.8157 ns,1.8062 ns,1.8126 ns,1.8301 ns,1.8471 ns,"548,989,780.9",7.4983 ns,15.00,2.058,2.000,0.6878,7,*,No,0.0000,0.0000,0.0000,0.0000,183 B,0 B
HasWhitespace,Job-QFNFJQ,False,True,Default,Default,Default,Default,Default,111111111111,Empty,RyuJit,Default,X64,8c5e7fda-e8bf-4a96-9a85-a6e23a8c635c,.NET 8.0,False,True,False,True,Default,Default,False,False,True,Default,Default,Default,Default,Default,Default,Default,Default,Default,Default,Default,Default,Default,Default,Default,Default,Default,16,Default,DotNetTips.Spargine.Extensions.BenchmarkTests,"Strings,**NEW**",2.7976 ns,0.0222 ns,0.0197 ns,0.0053 ns,2.7968 ns,2.7734 ns,2.7825 ns,2.8088 ns,2.8430 ns,"357,454,608.8",6.9974 ns,14.00,2.555,2.000,0.6790,11,*,No,0.0000,0.0000,0.0000,0.0000,NA,0 B
Indent,Job-QFNFJQ,False,True,Default,Default,Default,Default,Default,111111111111,Empty,RyuJit,Default,X64,8c5e7fda-e8bf-4a96-9a85-a6e23a8c635c,.NET 8.0,False,True,False,True,Default,Default,False,False,True,Default,Default,Default,Default,Default,Default,Default,Default,Default,Default,Default,Default,Default,Default,Default,Default,Default,16,Default,DotNetTips.Spargine.Extensions.BenchmarkTests,Strings,322.0634 ns,2.9596 ns,2.7684 ns,0.7148 ns,320.7876 ns,319.4446 ns,320.0988 ns,324.1788 ns,327.4460 ns,"3,104,978.3",7.1426 ns,15.00,1.910,2.000,0.7830,29,*,No,0.0000,0.0215,0.0000,0.0000,"1,066 B",1984 B
IsAsciiDigit,Job-QFNFJQ,False,True,Default,Default,Default,Default,Default,111111111111,Empty,RyuJit,Default,X64,8c5e7fda-e8bf-4a96-9a85-a6e23a8c635c,.NET 8.0,False,True,False,True,Default,Default,False,False,True,Default,Default,Default,Default,Default,Default,Default,Default,Default,Default,Default,Default,Default,Default,Default,Default,Default,16,Default,DotNetTips.Spargine.Extensions.BenchmarkTests,Strings,1.1945 ns,0.0146 ns,0.0129 ns,0.0034 ns,1.1933 ns,1.1756 ns,1.1876 ns,1.1996 ns,1.2204 ns,"837,184,468.9",6.9983 ns,14.00,2.330,2.000,0.5024,4,*,No,0.0000,0.0000,0.0000,0.0000,84 B,0 B
IsAsciiLetter,Job-QFNFJQ,False,True,Default,Default,Default,Default,Default,111111111111,Empty,RyuJit,Default,X64,8c5e7fda-e8bf-4a96-9a85-a6e23a8c635c,.NET 8.0,False,True,False,True,Default,Default,False,False,True,Default,Default,Default,Default,Default,Default,Default,Default,Default,Default,Default,Default,Default,Default,Default,Default,Default,16,Default,DotNetTips.Spargine.Extensions.BenchmarkTests,Strings,0.9840 ns,0.0109 ns,0.0097 ns,0.0026 ns,0.9842 ns,0.9697 ns,0.9753 ns,0.9901 ns,0.9981 ns,"1,016,308,516.5",6.9987 ns,14.00,1.517,2.000,0.1818,3,*,No,0.0000,0.0000,0.0000,0.0000,106 B,0 B
IsAsciiLetterOrDigit,Job-QFNFJQ,False,True,Default,Default,Default,Default,Default,111111111111,Empty,RyuJit,Default,X64,8c5e7fda-e8bf-4a96-9a85-a6e23a8c635c,.NET 8.0,False,True,False,True,Default,Default,False,False,True,Default,Default,Default,Default,Default,Default,Default,Default,Default,Default,Default,Default,Default,Default,Default,Default,Default,16,Default,DotNetTips.Spargine.Extensions.BenchmarkTests,Strings,1.4279 ns,0.0103 ns,0.0091 ns,0.0024 ns,1.4279 ns,1.4144 ns,1.4224 ns,1.4317 ns,1.4476 ns,"700,316,159.9",6.9988 ns,14.00,2.536,2.000,0.3934,5,*,No,0.0000,0.0000,0.0000,0.0000,104 B,0 B
IsAsciiWhitespace,Job-QFNFJQ,False,True,Default,Default,Default,Default,Default,111111111111,Empty,RyuJit,Default,X64,8c5e7fda-e8bf-4a96-9a85-a6e23a8c635c,.NET 8.0,False,True,False,True,Default,Default,False,False,True,Default,Default,Default,Default,Default,Default,Default,Default,Default,Default,Default,Default,Default,Default,Default,Default,Default,16,Default,DotNetTips.Spargine.Extensions.BenchmarkTests,Strings,1.4280 ns,0.0101 ns,0.0089 ns,0.0024 ns,1.4256 ns,1.4170 ns,1.4225 ns,1.4310 ns,1.4457 ns,"700,275,667.1",6.9988 ns,14.00,2.370,2.000,0.8228,5,*,No,0.0000,0.0000,0.0000,0.0000,86 B,0 B
IsCreditCardNumber,Job-QFNFJQ,False,True,Default,Default,Default,Default,Default,111111111111,Empty,RyuJit,Default,X64,8c5e7fda-e8bf-4a96-9a85-a6e23a8c635c,.NET 8.0,False,True,False,True,Default,Default,False,False,True,Default,Default,Default,Default,Default,Default,Default,Default,Default,Default,Default,Default,Default,Default,Default,Default,Default,16,Default,DotNetTips.Spargine.Extensions.BenchmarkTests,"Strings,**NEW**",26.4107 ns,0.0801 ns,0.0750 ns,0.0194 ns,26.4004 ns,26.2780 ns,26.3782 ns,26.4593 ns,26.5308 ns,"37,863,494.9",7.4903 ns,15.00,1.939,2.000,0.0964,13,*,No,0.0000,0.0000,0.0000,0.0000,146 B,0 B
IsCurrencyCode,Job-QFNFJQ,False,True,Default,Default,Default,Default,Default,111111111111,Empty,RyuJit,Default,X64,8c5e7fda-e8bf-4a96-9a85-a6e23a8c635c,.NET 8.0,False,True,False,True,Default,Default,False,False,True,Default,Default,Default,Default,Default,Default,Default,Default,Default,Default,Default,Default,Default,Default,Default,Default,Default,16,Default,DotNetTips.Spargine.Extensions.BenchmarkTests,"Strings,**NEW**",31.0425 ns,0.1166 ns,0.1090 ns,0.0281 ns,31.0441 ns,30.8461 ns,30.9944 ns,31.1123 ns,31.2361 ns,"32,213,885.9",7.4859 ns,15.00,2.068,2.000,-0.0501,16,*,No,0.0000,0.0000,0.0000,0.0000,146 B,0 B
IsDomainAddress,Job-QFNFJQ,False,True,Default,Default,Default,Default,Default,111111111111,Empty,RyuJit,Default,X64,8c5e7fda-e8bf-4a96-9a85-a6e23a8c635c,.NET 8.0,False,True,False,True,Default,Default,False,False,True,Default,Default,Default,Default,Default,Default,Default,Default,Default,Default,Default,Default,Default,Default,Default,Default,Default,16,Default,DotNetTips.Spargine.Extensions.BenchmarkTests,"Strings,**NEW**",60.8039 ns,0.3803 ns,0.3558 ns,0.0919 ns,60.8578 ns,60.2000 ns,60.5215 ns,61.0180 ns,61.5596 ns,"16,446,300.6",7.4541 ns,15.00,2.321,2.000,0.2092,20,*,No,0.0000,0.0000,0.0000,0.0000,146 B,0 B
IsEmailAddress,Job-QFNFJQ,False,True,Default,Default,Default,Default,Default,111111111111,Empty,RyuJit,Default,X64,8c5e7fda-e8bf-4a96-9a85-a6e23a8c635c,.NET 8.0,False,True,False,True,Default,Default,False,False,True,Default,Default,Default,Default,Default,Default,Default,Default,Default,Default,Default,Default,Default,Default,Default,Default,Default,16,Default,DotNetTips.Spargine.Extensions.BenchmarkTests,"Strings,**NEW**",142.4111 ns,0.7491 ns,0.7007 ns,0.1809 ns,142.1674 ns,141.2877 ns,142.0495 ns,142.7357 ns,143.7642 ns,"7,021,924.8",7.4095 ns,15.00,2.240,2.000,0.6094,25,*,No,0.0000,0.0000,0.0000,0.0000,146 B,0 B
IsEmpty,Job-QFNFJQ,False,True,Default,Default,Default,Default,Default,111111111111,Empty,RyuJit,Default,X64,8c5e7fda-e8bf-4a96-9a85-a6e23a8c635c,.NET 8.0,False,True,False,True,Default,Default,False,False,True,Default,Default,Default,Default,Default,Default,Default,Default,Default,Default,Default,Default,Default,Default,Default,Default,Default,16,Default,DotNetTips.Spargine.Extensions.BenchmarkTests,"Strings,**NEW**",0.0022 ns,0.0033 ns,0.0031 ns,0.0008 ns,0.0008 ns,0.0000 ns,0.0000 ns,0.0032 ns,0.0111 ns,"452,058,676,785.9",7.4996 ns,15.00,4.622,2.400,1.5247,1,*,No,0.0000,0.0000,0.0000,0.0000,9 B,0 B
IsFirstLastName,Job-QFNFJQ,False,True,Default,Default,Default,Default,Default,111111111111,Empty,RyuJit,Default,X64,8c5e7fda-e8bf-4a96-9a85-a6e23a8c635c,.NET 8.0,False,True,False,True,Default,Default,False,False,True,Default,Default,Default,Default,Default,Default,Default,Default,Default,Default,Default,Default,Default,Default,Default,Default,Default,16,Default,DotNetTips.Spargine.Extensions.BenchmarkTests,"Strings,**NEW**",62.4794 ns,0.2669 ns,0.2228 ns,0.0618 ns,62.4696 ns,62.1946 ns,62.3492 ns,62.5572 ns,62.9249 ns,"16,005,282.6",6.4691 ns,13.00,2.259,2.000,0.5814,20,*,No,0.0000,0.0000,0.0000,0.0000,146 B,0 B
IsGuid,Job-QFNFJQ,False,True,Default,Default,Default,Default,Default,111111111111,Empty,RyuJit,Default,X64,8c5e7fda-e8bf-4a96-9a85-a6e23a8c635c,.NET 8.0,False,True,False,True,Default,Default,False,False,True,Default,Default,Default,Default,Default,Default,Default,Default,Default,Default,Default,Default,Default,Default,Default,Default,Default,16,Default,DotNetTips.Spargine.Extensions.BenchmarkTests,Strings,247.3557 ns,1.2264 ns,1.0872 ns,0.2906 ns,247.2247 ns,245.6658 ns,246.7515 ns,247.6724 ns,249.4022 ns,"4,042,760.5",6.8547 ns,14.00,2.081,2.000,0.4031,27,*,No,0.0000,0.0010,0.0000,0.0000,418 B,96 B
IsISBN,Job-QFNFJQ,False,True,Default,Default,Default,Default,Default,111111111111,Empty,RyuJit,Default,X64,8c5e7fda-e8bf-4a96-9a85-a6e23a8c635c,.NET 8.0,False,True,False,True,Default,Default,False,False,True,Default,Default,Default,Default,Default,Default,Default,Default,Default,Default,Default,Default,Default,Default,Default,Default,Default,16,Default,DotNetTips.Spargine.Extensions.BenchmarkTests,"Strings,**NEW**",93.1390 ns,0.2136 ns,0.1784 ns,0.0495 ns,93.1496 ns,92.8181 ns,93.0635 ns,93.2028 ns,93.5539 ns,"10,736,635.3",6.4753 ns,13.00,3.212,2.000,0.5073,23,*,No,0.0000,0.0000,0.0000,0.0000,146 B,0 B
IsMacAddress,Job-QFNFJQ,False,True,Default,Default,Default,Default,Default,111111111111,Empty,RyuJit,Default,X64,8c5e7fda-e8bf-4a96-9a85-a6e23a8c635c,.NET 8.0,False,True,False,True,Default,Default,False,False,True,Default,Default,Default,Default,Default,Default,Default,Default,Default,Default,Default,Default,Default,Default,Default,Default,Default,16,Default,DotNetTips.Spargine.Extensions.BenchmarkTests,Strings,77.9598 ns,0.2620 ns,0.2188 ns,0.0607 ns,78.0117 ns,77.5326 ns,77.8056 ns,78.0841 ns,78.3720 ns,"12,827,122.0",6.4697 ns,13.00,2.285,2.000,-0.0733,21,*,No,0.0000,0.0000,0.0000,0.0000,796 B,0 B
IsNotEmpty,Job-QFNFJQ,False,True,Default,Default,Default,Default,Default,111111111111,Empty,RyuJit,Default,X64,8c5e7fda-e8bf-4a96-9a85-a6e23a8c635c,.NET 8.0,False,True,False,True,Default,Default,False,False,True,Default,Default,Default,Default,Default,Default,Default,Default,Default,Default,Default,Default,Default,Default,Default,Default,Default,16,Default,DotNetTips.Spargine.Extensions.BenchmarkTests,"Strings,**NEW**",0.0017 ns,0.0033 ns,0.0031 ns,0.0008 ns,0.0000 ns,0.0000 ns,0.0000 ns,0.0020 ns,0.0092 ns,"604,756,888,601.9",7.4996 ns,15.00,3.394,2.364,1.3924,1,*,No,0.0000,0.0000,0.0000,0.0000,9 B,0 B
IsOneToSevenAlpha,Job-QFNFJQ,False,True,Default,Default,Default,Default,Default,111111111111,Empty,RyuJit,Default,X64,8c5e7fda-e8bf-4a96-9a85-a6e23a8c635c,.NET 8.0,False,True,False,True,Default,Default,False,False,True,Default,Default,Default,Default,Default,Default,Default,Default,Default,Default,Default,Default,Default,Default,Default,Default,Default,16,Default,DotNetTips.Spargine.Extensions.BenchmarkTests,"Strings,**NEW**",36.1484 ns,0.1422 ns,0.1188 ns,0.0329 ns,36.1206 ns,36.0342 ns,36.0539 ns,36.2028 ns,36.4234 ns,"27,663,714.6",6.4835 ns,13.00,2.602,2.000,0.8273,17,*,No,0.0000,0.0000,0.0000,0.0000,146 B,0 B
IsScientific,Job-QFNFJQ,False,True,Default,Default,Default,Default,Default,111111111111,Empty,RyuJit,Default,X64,8c5e7fda-e8bf-4a96-9a85-a6e23a8c635c,.NET 8.0,False,True,False,True,Default,Default,False,False,True,Default,Default,Default,Default,Default,Default,Default,Default,Default,Default,Default,Default,Default,Default,Default,Default,Default,16,Default,DotNetTips.Spargine.Extensions.BenchmarkTests,"Strings,**NEW**",79.6576 ns,0.3611 ns,0.3201 ns,0.0855 ns,79.5792 ns,79.1326 ns,79.4718 ns,79.8815 ns,80.1876 ns,"12,553,730.8",6.9572 ns,14.00,1.828,2.000,0.2801,21,*,No,0.0000,0.0000,0.0000,0.0000,716 B,0 B
IsString,Job-QFNFJQ,False,True,Default,Default,Default,Default,Default,111111111111,Empty,RyuJit,Default,X64,8c5e7fda-e8bf-4a96-9a85-a6e23a8c635c,.NET 8.0,False,True,False,True,Default,Default,False,False,True,Default,Default,Default,Default,Default,Default,Default,Default,Default,Default,Default,Default,Default,Default,Default,Default,Default,16,Default,DotNetTips.Spargine.Extensions.BenchmarkTests,"Strings,**NEW**","6,750.7144 ns",24.6431 ns,21.8454 ns,5.8384 ns,"6,747.8188 ns","6,718.2133 ns","6,734.0912 ns","6,760.6121 ns","6,802.4250 ns","148,132.5",4.0808 ns,14.00,2.883,2.000,0.6855,39,*,No,0.0000,0.0000,0.0000,0.0000,143 B,0 B
IsStringSHA1Hash,Job-QFNFJQ,False,True,Default,Default,Default,Default,Default,111111111111,Empty,RyuJit,Default,X64,8c5e7fda-e8bf-4a96-9a85-a6e23a8c635c,.NET 8.0,False,True,False,True,Default,Default,False,False,True,Default,Default,Default,Default,Default,Default,Default,Default,Default,Default,Default,Default,Default,Default,Default,Default,Default,16,Default,DotNetTips.Spargine.Extensions.BenchmarkTests,"Strings,**NEW**",338.3327 ns,0.9474 ns,0.8862 ns,0.2288 ns,338.5304 ns,336.6553 ns,337.6548 ns,338.7328 ns,340.2666 ns,"2,955,670.6",7.3856 ns,15.00,2.664,2.000,0.1913,30,*,No,0.0000,0.0000,0.0000,0.0000,146 B,0 B
IsUrl,Job-QFNFJQ,False,True,Default,Default,Default,Default,Default,111111111111,Empty,RyuJit,Default,X64,8c5e7fda-e8bf-4a96-9a85-a6e23a8c635c,.NET 8.0,False,True,False,True,Default,Default,False,False,True,Default,Default,Default,Default,Default,Default,Default,Default,Default,Default,Default,Default,Default,Default,Default,Default,Default,16,Default,DotNetTips.Spargine.Extensions.BenchmarkTests,"Strings,**NEW**",29.5521 ns,0.1323 ns,0.1237 ns,0.0319 ns,29.5018 ns,29.3586 ns,29.4736 ns,29.6720 ns,29.7523 ns,"33,838,565.0",7.4840 ns,15.00,1.606,2.000,0.1291,15,*,No,0.0000,0.0000,0.0000,0.0000,146 B,0 B
ReplaceEllipsisWithPeriod,Job-QFNFJQ,False,True,Default,Default,Default,Default,Default,111111111111,Empty,RyuJit,Default,X64,8c5e7fda-e8bf-4a96-9a85-a6e23a8c635c,.NET 8.0,False,True,False,True,Default,Default,False,False,True,Default,Default,Default,Default,Default,Default,Default,Default,Default,Default,Default,Default,Default,Default,Default,Default,Default,16,Default,DotNetTips.Spargine.Extensions.BenchmarkTests,"Strings,**NEW**",39.2762 ns,0.1716 ns,0.1605 ns,0.0414 ns,39.2466 ns,38.9925 ns,39.1543 ns,39.3555 ns,39.5319 ns,"25,460,682.1",7.4793 ns,15.00,1.864,2.000,0.0729,18,*,No,0.0000,0.0024,0.0000,0.0000,494 B,224 B
Split,Job-QFNFJQ,False,True,Default,Default,Default,Default,Default,111111111111,Empty,RyuJit,Default,X64,8c5e7fda-e8bf-4a96-9a85-a6e23a8c635c,.NET 8.0,False,True,False,True,Default,Default,False,False,True,Default,Default,Default,Default,Default,Default,Default,Default,Default,Default,Default,Default,Default,Default,Default,Default,Default,16,Default,DotNetTips.Spargine.Extensions.BenchmarkTests,"Strings,**NEW**",712.5240 ns,3.3424 ns,3.1265 ns,0.8073 ns,712.7658 ns,705.0796 ns,711.9540 ns,714.6850 ns,716.3319 ns,"1,403,461.5",7.0964 ns,15.00,3.412,2.000,-1.1278,35,*,No,0.0000,0.0257,0.0000,0.0000,466 B,2448 B
SplitRemoveEmpty,Job-QFNFJQ,False,True,Default,Default,Default,Default,Default,111111111111,Empty,RyuJit,Default,X64,8c5e7fda-e8bf-4a96-9a85-a6e23a8c635c,.NET 8.0,False,True,False,True,Default,Default,False,False,True,Default,Default,Default,Default,Default,Default,Default,Default,Default,Default,Default,Default,Default,Default,Default,Default,Default,16,Default,DotNetTips.Spargine.Extensions.BenchmarkTests,"Strings,**NEW**",638.3377 ns,3.7404 ns,3.4988 ns,0.9034 ns,637.9677 ns,632.9668 ns,635.6446 ns,640.4610 ns,646.2420 ns,"1,566,568.9",7.0483 ns,15.00,2.488,2.000,0.4571,34,*,No,0.0000,0.0277,0.0000,0.0000,523 B,2624 B
StartsWithOrdinal,Job-QFNFJQ,False,True,Default,Default,Default,Default,Default,111111111111,Empty,RyuJit,Default,X64,8c5e7fda-e8bf-4a96-9a85-a6e23a8c635c,.NET 8.0,False,True,False,True,Default,Default,False,False,True,Default,Default,Default,Default,Default,Default,Default,Default,Default,Default,Default,Default,Default,Default,Default,Default,Default,16,Default,DotNetTips.Spargine.Extensions.BenchmarkTests,Strings,0.0002 ns,0.0004 ns,0.0004 ns,0.0001 ns,0.0000 ns,0.0000 ns,0.0000 ns,0.0000 ns,0.0013 ns,"6,109,599,939,306.6",7.5000 ns,15.00,6.203,2.000,2.0435,1,*,No,0.0000,0.0000,0.0000,0.0000,10 B,0 B
StartsWithOrdinalIgnoreCase,Job-QFNFJQ,False,True,Default,Default,Default,Default,Default,111111111111,Empty,RyuJit,Default,X64,8c5e7fda-e8bf-4a96-9a85-a6e23a8c635c,.NET 8.0,False,True,False,True,Default,Default,False,False,True,Default,Default,Default,Default,Default,Default,Default,Default,Default,Default,Default,Default,Default,Default,Default,Default,Default,16,Default,DotNetTips.Spargine.Extensions.BenchmarkTests,Strings,0.0821 ns,0.0306 ns,0.0493 ns,0.0085 ns,0.1093 ns,0.0000 ns,0.0337 ns,0.1123 ns,0.1202 ns,"12,182,230,001.6",16.9958 ns,34.00,2.015,2.720,-1.0052,2,*,No,0.0000,0.0000,0.0000,0.0000,10 B,0 B
SubstringTrim,Job-QFNFJQ,False,True,Default,Default,Default,Default,Default,111111111111,Empty,RyuJit,Default,X64,8c5e7fda-e8bf-4a96-9a85-a6e23a8c635c,.NET 8.0,False,True,False,True,Default,Default,False,False,True,Default,Default,Default,Default,Default,Default,Default,Default,Default,Default,Default,Default,Default,Default,Default,Default,Default,16,Default,DotNetTips.Spargine.Extensions.BenchmarkTests,Strings,28.4718 ns,0.2753 ns,0.2575 ns,0.0665 ns,28.4871 ns,28.0742 ns,28.2909 ns,28.6059 ns,29.0380 ns,"35,122,521.9",7.4668 ns,15.00,2.385,2.000,0.4368,14,*,No,0.0000,0.0011,0.0000,0.0000,582 B,104 B
ToBase64,Job-QFNFJQ,False,True,Default,Default,Default,Default,Default,111111111111,Empty,RyuJit,Default,X64,8c5e7fda-e8bf-4a96-9a85-a6e23a8c635c,.NET 8.0,False,True,False,True,Default,Default,False,False,True,Default,Default,Default,Default,Default,Default,Default,Default,Default,Default,Default,Default,Default,Default,Default,Default,Default,16,Default,DotNetTips.Spargine.Extensions.BenchmarkTests,"Strings,**NEW**",597.9183 ns,2.7373 ns,2.5605 ns,0.6611 ns,598.2385 ns,593.5549 ns,596.0598 ns,599.2317 ns,603.8893 ns,"1,672,469.4",7.1694 ns,15.00,2.845,2.000,0.3965,33,*,No,0.0000,0.0391,0.0000,0.0000,473 B,3640 B
ToBase64ByteSpan,Job-QFNFJQ,False,True,Default,Default,Default,Default,Default,111111111111,Empty,RyuJit,Default,X64,8c5e7fda-e8bf-4a96-9a85-a6e23a8c635c,.NET 8.0,False,True,False,True,Default,Default,False,False,True,Default,Default,Default,Default,Default,Default,Default,Default,Default,Default,Default,Default,Default,Default,Default,Default,Default,16,Default,DotNetTips.Spargine.Extensions.BenchmarkTests,"Strings,**NEW**",338.5720 ns,1.3739 ns,1.2852 ns,0.3318 ns,338.6584 ns,335.6385 ns,337.8773 ns,339.5897 ns,340.4261 ns,"2,953,581.2",7.3341 ns,15.00,2.581,2.000,-0.4694,30,*,No,0.0000,0.0081,0.0000,0.0000,"1,638 B",752 B
ToTitleCase,Job-QFNFJQ,False,True,Default,Default,Default,Default,Default,111111111111,Empty,RyuJit,Default,X64,8c5e7fda-e8bf-4a96-9a85-a6e23a8c635c,.NET 8.0,False,True,False,True,Default,Default,False,False,True,Default,Default,Default,Default,Default,Default,Default,Default,Default,Default,Default,Default,Default,Default,Default,Default,Default,16,Default,DotNetTips.Spargine.Extensions.BenchmarkTests,Strings,87.7249 ns,0.4395 ns,0.3896 ns,0.1041 ns,87.7375 ns,87.0225 ns,87.5583 ns,87.9966 ns,88.4174 ns,"11,399,269.5",6.9479 ns,14.00,2.189,2.000,-0.1101,22,*,No,0.0000,0.0019,0.0000,0.0000,"2,457 B",176 B
ToTrimmed,Job-QFNFJQ,False,True,Default,Default,Default,Default,Default,111111111111,Empty,RyuJit,Default,X64,8c5e7fda-e8bf-4a96-9a85-a6e23a8c635c,.NET 8.0,False,True,False,True,Default,Default,False,False,True,Default,Default,Default,Default,Default,Default,Default,Default,Default,Default,Default,Default,Default,Default,Default,Default,Default,16,Default,DotNetTips.Spargine.Extensions.BenchmarkTests,Strings,276.3586 ns,2.4346 ns,2.1582 ns,0.5768 ns,276.2686 ns,272.3925 ns,275.1564 ns,277.2413 ns,280.3106 ns,"3,618,486.4",6.7116 ns,14.00,2.307,2.000,0.1134,28,*,No,0.0000,0.0215,0.0000,0.0000,613 B,1992 B
